[
  {
    "Afghanistan": {
      "CountryCode": "AF",
      "CompanyCount": "2",
      "Url": "/in/afghanistan"
    }
  },
  {
    "Albania": {
      "CountryCode": "AL",
      "CompanyCount": "2",
      "Url": "/in/albania"
    }
  },
  {
    "Algeria": {
      "CountryCode": "DZ",
      "CompanyCount": "4",
      "Url": "/in/algeria"
    }
  },
  {
    "Angola": {
      "CountryCode": "AO",
      "CompanyCount": "2",
      "Url": "/in/angola"
    }
  },
  {
    "Argentina": {
      "CountryCode": "AR",
      "CompanyCount": "8",
      "Url": "/in/argentina"
    }
  },
  {
    "Armenia": {
      "CountryCode": "AM",
      "CompanyCount": "4",
      "Url": "/in/armenia"
    }
  },
  {
    "Australia": {
      "CountryCode": "AU",
      "CompanyCount": "13",
      "Url": "/in/australia"
    }
  },
  {
    "Austria": {
      "CountryCode": "AT",
      "CompanyCount": "11",
      "Url": "/in/austria"
    }
  },
  {
    "Azerbaijan": {
      "CountryCode": "AZ",
      "CompanyCount": "19",
      "Url": "/in/azerbaijan"
    }
  },
  {
    "Bahrain": {
      "CountryCode": "BH",
      "CompanyCount": "24",
      "Url": "/in/bahrain"
    }
  },
  {
    "Bangladesh": {
      "CountryCode": "BD",
      "CompanyCount": "44",
      "Url": "/in/bangladesh"
    }
  },
  {
    "Belarus": {
      "CountryCode": "BY",
      "CompanyCount": "41",
      "Url": "/in/belarus"
    }
  },
  {
    "Belgium": {
      "CountryCode": "BE",
      "CompanyCount": "23",
      "Url": "/in/belgium"
    }
  },
  {
    "Benin": {
      "CountryCode": "BJ",
      "CompanyCount": "2",
      "Url": "/in/benin"
    }
  },
  {
    "Bolivia": {
      "CountryCode": "BO",
      "CompanyCount": "4",
      "Url": "/in/bolivia"
    }
  },
  {
    "Bosnia And Herzegovina": {
      "CountryCode": "BA",
      "CompanyCount": "6",
      "Url": "/in/bosnia-and-herzegovina"
    }
  },
  {
    "Brazil": {
      "CountryCode": "BR",
      "CompanyCount": "34",
      "Url": "/in/brazil"
    }
  },
  {
    "Brunei Darussalam": {
      "CountryCode": "BN",
      "CompanyCount": "3",
      "Url": "/in/brunei-darussalam"
    }
  },
  {
    "Bulgaria": {
      "CountryCode": "BG",
      "CompanyCount": "29",
      "Url": "/in/bulgaria"
    }
  },
  {
    "Cambodia": {
      "CountryCode": "KH",
      "CompanyCount": "6",
      "Url": "/in/cambodia"
    }
  },
  {
    "Cameroon": {
      "CountryCode": "CM",
      "CompanyCount": "10",
      "Url": "/in/cameroon"
    }
  },
  {
    "Canada": {
      "CountryCode": "CA",
      "CompanyCount": "234",
      "Url": "/in/canada"
    }
  },
  {
    "Chile": {
      "CountryCode": "CL",
      "CompanyCount": "1",
      "Url": "/in/chile"
    }
  },
  {
    "China": {
      "CountryCode": "CN",
      "CompanyCount": "57",
      "Url": "/in/china"
    }
  },
  {
    "Colombia": {
      "CountryCode": "CO",
      "CompanyCount": "3",
      "Url": "/in/colombia"
    }
  },
  {
    "Congo": {
      "CountryCode": "CG",
      "CompanyCount": "1",
      "Url": "/in/congo"
    }
  },
  {
    "Congo": {
      "CountryCode": "CD",
      "CompanyCount": "1",
      "Url": "/in/congo-zaire"
    }
  },
  {
    "Costa Rica": {
      "CountryCode": "CR",
      "CompanyCount": "2",
      "Url": "/in/costa-rica"
    }
  },
  {
    "Cote D'ivoire": {
      "CountryCode": "CI",
      "CompanyCount": "8",
      "Url": "/in/cote-d-ivoire"
    }
  },
  {
    "Croatia": {
      "CountryCode": "HR",
      "CompanyCount": "15",
      "Url": "/in/croatia"
    }
  },
  {
    "Cuba": {
      "CountryCode": "CU",
      "CompanyCount": "1",
      "Url": "/in/cuba"
    }
  },
  {
    "Cyprus": {
      "CountryCode": "CY",
      "CompanyCount": "13",
      "Url": "/in/cyprus"
    }
  },
  {
    "Czech Republic": {
      "CountryCode": "CZ",
      "CompanyCount": "6",
      "Url": "/in/czech-republic"
    }
  },
  {
    "Denmark": {
      "CountryCode": "DK",
      "CompanyCount": "4",
      "Url": "/in/denmark"
    }
  },
  {
    "Djibouti": {
      "CountryCode": "DJ",
      "CompanyCount": "3",
      "Url": "/in/djibouti"
    }
  },
  {
    "Dominican Republic": {
      "CountryCode": "DO",
      "CompanyCount": "7",
      "Url": "/in/dominican-republic"
    }
  },
  {
    "Egypt": {
      "CountryCode": "EG",
      "CompanyCount": "416",
      "Url": "/in/egypt"
    }
  },
  {
    "Eritrea": {
      "CountryCode": "ER",
      "CompanyCount": "2",
      "Url": "/in/eritrea"
    }
  },
  {
    "Estonia": {
      "CountryCode": "EE",
      "CompanyCount": "3",
      "Url": "/in/estonia"
    }
  },
  {
    "Ethiopia": {
      "CountryCode": "ET",
      "CompanyCount": "15",
      "Url": "/in/ethiopia"
    }
  },
  {
    "Fiji": {
      "CountryCode": "FJ",
      "CompanyCount": "2",
      "Url": "/in/fiji"
    }
  },
  {
    "Finland": {
      "CountryCode": "FI",
      "CompanyCount": "6",
      "Url": "/in/finland"
    }
  },
  {
    "France": {
      "CountryCode": "FR",
      "CompanyCount": "21",
      "Url": "/in/france"
    }
  },
  {
    "Georgia": {
      "CountryCode": "GE",
      "CompanyCount": "21",
      "Url": "/in/georgia"
    }
  },
  {
    "Germany": {
      "CountryCode": "DE",
      "CompanyCount": "67",
      "Url": "/in/germany"
    }
  },
  {
    "Ghana": {
      "CountryCode": "GH",
      "CompanyCount": "43",
      "Url": "/in/ghana"
    }
  },
  {
    "Gibraltar": {
      "CountryCode": "GI",
      "CompanyCount": "1",
      "Url": "/in/gibraltar"
    }
  },
  {
    "Greece": {
      "CountryCode": "GR",
      "CompanyCount": "12",
      "Url": "/in/greece"
    }
  },
  {
    "Guatemala": {
      "CountryCode": "GT",
      "CompanyCount": "3",
      "Url": "/in/guatemala"
    }
  },
  {
    "Guinea": {
      "CountryCode": "GN",
      "CompanyCount": "1",
      "Url": "/in/guinea"
    }
  },
  {
    "Haiti": {
      "CountryCode": "HT",
      "CompanyCount": "1",
      "Url": "/in/haiti"
    }
  },
  {
    "Honduras": {
      "CountryCode": "HN",
      "CompanyCount": "10",
      "Url": "/in/honduras"
    }
  },
  {
    "Hong Kong Sar": {
      "CountryCode": "HK",
      "CompanyCount": "70",
      "Url": "/in/hong-kong-sar"
    }
  },
  {
    "Hungary": {
      "CountryCode": "HU",
      "CompanyCount": "5",
      "Url": "/in/hungary"
    }
  },
  {
    "Iceland": {
      "CountryCode": "IS",
      "CompanyCount": "2",
      "Url": "/in/iceland"
    }
  },
  {
    "India": {
      "CountryCode": "IN",
      "CompanyCount": "464",
      "Url": "/in/india"
    }
  },
  {
    "Indonesia": {
      "CountryCode": "ID",
      "CompanyCount": "46",
      "Url": "/in/indonesia"
    }
  },
  {
    "Iran": {
      "CountryCode": "IR",
      "CompanyCount": "169",
      "Url": "/in/iran"
    }
  },
  {
    "Iraq": {
      "CountryCode": "IQ",
      "CompanyCount": "9",
      "Url": "/in/iraq"
    }
  },
  {
    "Ireland": {
      "CountryCode": "IE",
      "CompanyCount": "5",
      "Url": "/in/ireland"
    }
  },
  {
    "Israel": {
      "CountryCode": "IL",
      "CompanyCount": "43",
      "Url": "/in/israel"
    }
  },
  {
    "Italy": {
      "CountryCode": "IT",
      "CompanyCount": "100",
      "Url": "/in/italy"
    }
  },
  {
    "Jamaica": {
      "CountryCode": "JM",
      "CompanyCount": "3",
      "Url": "/in/jamaica"
    }
  },
  {
    "Japan": {
      "CountryCode": "JP",
      "CompanyCount": "22",
      "Url": "/in/japan"
    }
  },
  {
    "Jordan": {
      "CountryCode": "JO",
      "CompanyCount": "32",
      "Url": "/in/jordan"
    }
  },
  {
    "Kazakhstan": {
      "CountryCode": "KZ",
      "CompanyCount": "9",
      "Url": "/in/kazakhstan"
    }
  },
  {
    "Kenya": {
      "CountryCode": "KE",
      "CompanyCount": "23",
      "Url": "/in/kenya"
    }
  },
  {
    "Korea": {
      "CountryCode": "KR",
      "CompanyCount": "16",
      "Url": "/in/korea"
    }
  },
  {
    "Kosovo": {
      "CountryCode": "RS",
      "CompanyCount": "2",
      "Url": "/in/kosovo"
    }
  },
  {
    "Kuwait": {
      "CountryCode": "KW",
      "CompanyCount": "47",
      "Url": "/in/kuwait"
    }
  },
  {
    "Kyrgyzstan": {
      "CountryCode": "KG",
      "CompanyCount": "2",
      "Url": "/in/kyrgyzstan"
    }
  },
  {
    "Lao Peoples Dem. Rep.": {
      "CountryCode": "LA",
      "CompanyCount": "2",
      "Url": "/in/lao-peoples-dem--rep-"
    }
  },
  {
    "Latvia": {
      "CountryCode": "LV",
      "CompanyCount": "6",
      "Url": "/in/latvia"
    }
  },
  {
    "Lebanon": {
      "CountryCode": "LB",
      "CompanyCount": "51",
      "Url": "/in/lebanon"
    }
  },
  {
    "Libya": {
      "CountryCode": "LY",
      "CompanyCount": "6",
      "Url": "/in/libya"
    }
  },
  {
    "Lithuania": {
      "CountryCode": "LT",
      "CompanyCount": "9",
      "Url": "/in/lithuania"
    }
  },
  {
    "Luxembourg": {
      "CountryCode": "LU",
      "CompanyCount": "1",
      "Url": "/in/luxembourg"
    }
  },
  {
    "Macau Sar": {
      "CountryCode": "MO",
      "CompanyCount": "2",
      "Url": "/in/macau-sar"
    }
  },
  {
    "Madagascar": {
      "CountryCode": "MG",
      "CompanyCount": "3",
      "Url": "/in/madagascar"
    }
  },
  {
    "Malawi": {
      "CountryCode": "MW",
      "CompanyCount": "2",
      "Url": "/in/malawi"
    }
  },
  {
    "Malaysia": {
      "CountryCode": "MY",
      "CompanyCount": "32",
      "Url": "/in/malaysia"
    }
  },
  {
    "Maldives": {
      "CountryCode": "MV",
      "CompanyCount": "5",
      "Url": "/in/maldives"
    }
  },
  {
    "Malta": {
      "CountryCode": "MT",
      "CompanyCount": "13",
      "Url": "/in/malta"
    }
  },
  {
    "Mauritius": {
      "CountryCode": "MU",
      "CompanyCount": "3",
      "Url": "/in/mauritius"
    }
  },
  {
    "Mauritania": {
      "CountryCode": "MR",
      "CompanyCount": "1",
      "Url": "/in/mauritania"
    }
  },
  {
    "Mexico": {
      "CountryCode": "MX",
      "CompanyCount": "36",
      "Url": "/in/mexico"
    }
  },
  {
    "Moldova": {
      "CountryCode": "MD",
      "CompanyCount": "6",
      "Url": "/in/moldova"
    }
  },
  {
    "Mongolia": {
      "CountryCode": "MN",
      "CompanyCount": "7",
      "Url": "/in/mongolia"
    }
  },
  {
    "Montenegro": {
      "CountryCode": "ME",
      "CompanyCount": "2",
      "Url": "/in/montenegro"
    }
  },
  {
    "Morocco": {
      "CountryCode": "MA",
      "CompanyCount": "21",
      "Url": "/in/morocco"
    }
  },
  {
    "Mozambique": {
      "CountryCode": "MZ",
      "CompanyCount": "5",
      "Url": "/in/mozambique"
    }
  },
  {
    "Myanmar": {
      "CountryCode": "MM",
      "CompanyCount": "6",
      "Url": "/in/myanmar"
    }
  },
  {
    "Namibia": {
      "CountryCode": "NA",
      "CompanyCount": "5",
      "Url": "/in/namibia"
    }
  },
  {
    "Nepal": {
      "CountryCode": "NP",
      "CompanyCount": "4",
      "Url": "/in/nepal"
    }
  },
  {
    "Netherlands": {
      "CountryCode": "NL",
      "CompanyCount": "6",
      "Url": "/in/netherlands"
    }
  },
  {
    "New Zealand": {
      "CountryCode": "NZ",
      "CompanyCount": "4",
      "Url": "/in/new-zealand"
    }
  },
  {
    "Niger": {
      "CountryCode": "NE",
      "CompanyCount": "1",
      "Url": "/in/niger"
    }
  },
  {
    "Nigeria": {
      "CountryCode": "NG",
      "CompanyCount": "46",
      "Url": "/in/nigeria"
    }
  },
  {
    "North Macedonia": {
      "CountryCode": "MK",
      "CompanyCount": "3",
      "Url": "/in/north-macedonia"
    }
  },
  {
    "Northern Mariana Islands": {
      "CountryCode": "MP",
      "CompanyCount": "1",
      "Url": "/in/northern-mariana-islands"
    }
  },
  {
    "Norway": {
      "CountryCode": "NO",
      "CompanyCount": "1",
      "Url": "/in/norway"
    }
  },
  {
    "Oman": {
      "CountryCode": "OM",
      "CompanyCount": "24",
      "Url": "/in/oman"
    }
  },
  {
    "Pakistan": {
      "CountryCode": "PK",
      "CompanyCount": "292",
      "Url": "/in/pakistan"
    }
  },
  {
    "Palestine": {
      "CountryCode": "PS",
      "CompanyCount": "3",
      "Url": "/in/palestine"
    }
  },
  {
    "Panama": {
      "CountryCode": "PA",
      "CompanyCount": "1",
      "Url": "/in/panama"
    }
  },
  {
    "Paraguay": {
      "CountryCode": "PY",
      "CompanyCount": "1",
      "Url": "/in/paraguay"
    }
  },
  {
    "Peru": {
      "CountryCode": "PE",
      "CompanyCount": "3",
      "Url": "/in/peru"
    }
  },
  {
    "Philippines": {
      "CountryCode": "PH",
      "CompanyCount": "3",
      "Url": "/in/philippines"
    }
  },
  {
    "Poland": {
      "CountryCode": "PL",
      "CompanyCount": "19",
      "Url": "/in/poland"
    }
  },
  {
    "Portugal": {
      "CountryCode": "PT",
      "CompanyCount": "18",
      "Url": "/in/portugal"
    }
  },
  {
    "Puerto Rico": {
      "CountryCode": "PR",
      "CompanyCount": "1",
      "Url": "/in/puerto-rico"
    }
  },
  {
    "Qatar": {
      "CountryCode": "QA",
      "CompanyCount": "49",
      "Url": "/in/qatar"
    }
  },
  {
    "Romania": {
      "CountryCode": "RO",
      "CompanyCount": "45",
      "Url": "/in/romania"
    }
  },
  {
    "Russian Federation": {
      "CountryCode": "RU",
      "CompanyCount": "68",
      "Url": "/in/russian-federation"
    }
  },
  {
    "Rwanda": {
      "CountryCode": "RW",
      "CompanyCount": "2",
      "Url": "/in/rwanda"
    }
  },
  {
    "Saint Lucia": {
      "CountryCode": "LC",
      "CompanyCount": "1",
      "Url": "/in/saint-lucia"
    }
  },
  {
    "Saudi Arabia": {
      "CountryCode": "SA",
      "CompanyCount": "59",
      "Url": "/in/saudi-arabia"
    }
  },
  {
    "Senegal": {
      "CountryCode": "SN",
      "CompanyCount": "7",
      "Url": "/in/senegal"
    }
  },
  {
    "Serbia": {
      "CountryCode": "RS",
      "CompanyCount": "12",
      "Url": "/in/serbia"
    }
  },
  {
    "Singapore": {
      "CountryCode": "SG",
      "CompanyCount": "51",
      "Url": "/in/singapore"
    }
  },
  {
    "Slovakia": {
      "CountryCode": "SK",
      "CompanyCount": "6",
      "Url": "/in/slovakia"
    }
  },
  {
    "Slovenia": {
      "CountryCode": "SI",
      "CompanyCount": "14",
      "Url": "/in/slovenia"
    }
  },
  {
    "Somalia": {
      "CountryCode": "SO",
      "CompanyCount": "4",
      "Url": "/in/somalia"
    }
  },
  {
    "South Africa": {
      "CountryCode": "ZA",
      "CompanyCount": "36",
      "Url": "/in/south-africa"
    }
  },
  {
    "Spain": {
      "CountryCode": "ES",
      "CompanyCount": "17",
      "Url": "/in/spain"
    }
  },
  {
    "Sri Lanka": {
      "CountryCode": "LK",
      "CompanyCount": "39",
      "Url": "/in/sri-lanka"
    }
  },
  {
    "Sudan": {
      "CountryCode": "SD",
      "CompanyCount": "7",
      "Url": "/in/sudan"
    }
  },
  {
    "Suriname": {
      "CountryCode": "SR",
      "CompanyCount": "4",
      "Url": "/in/suriname"
    }
  },
  {
    "Sweden": {
      "CountryCode": "SE",
      "CompanyCount": "2",
      "Url": "/in/sweden"
    }
  },
  {
    "Switzerland": {
      "CountryCode": "CH",
      "CompanyCount": "41",
      "Url": "/in/switzerland"
    }
  },
  {
    "Syrian Arab Republic": {
      "CountryCode": "SY",
      "CompanyCount": "10",
      "Url": "/in/syrian-arab-republic"
    }
  },
  {
    "Tajikistan": {
      "CountryCode": "TJ",
      "CompanyCount": "2",
      "Url": "/in/tajikistan"
    }
  },
  {
    "Tanzania": {
      "CountryCode": "TZ",
      "CompanyCount": "15",
      "Url": "/in/tanzania"
    }
  },
  {
    "Taiwan,Chinese Taipei": {
      "CountryCode": "TW",
      "CompanyCount": "37",
      "Url": "/in/taiwan-chinese-taipei"
    }
  },
  {
    "Thailand": {
      "CountryCode": "TH",
      "CompanyCount": "11",
      "Url": "/in/thailand"
    }
  },
  {
    "Togo": {
      "CountryCode": "TG",
      "CompanyCount": "3",
      "Url": "/in/togo"
    }
  },
  {
    "Trinidad": {
      "CountryCode": "TT",
      "CompanyCount": "1",
      "Url": "/in/trinidad"
    }
  },
  {
    "Tunisia": {
      "CountryCode": "TN",
      "CompanyCount": "22",
      "Url": "/in/tunisia"
    }
  },
  {
    "Turkey": {
      "CountryCode": "TR",
      "CompanyCount": "147",
      "Url": "/in/turkey"
    }
  },
  {
    "Turkmenistan": {
      "CountryCode": "TM",
      "CompanyCount": "6",
      "Url": "/in/turkmenistan"
    }
  },
  {
    "Uganda": {
      "CountryCode": "UG",
      "CompanyCount": "7",
      "Url": "/in/uganda"
    }
  },
  {
    "Ukraine": {
      "CountryCode": "UA",
      "CompanyCount": "50",
      "Url": "/in/ukraine"
    }
  },
  {
    "United Arab Emirates": {
      "CountryCode": "AE",
      "CompanyCount": "343",
      "Url": "/in/united-arab-emirates"
    }
  },
  {
    "United Kingdom": {
      "CountryCode": "GB",
      "CompanyCount": "1498",
      "Url": "/in/united-kingdom"
    }
  },
  {
    "United States": {
      "CountryCode": "US",
      "CompanyCount": "679",
      "Url": "/in/united-states"
    }
  },
  {
    "Uruguay": {
      "CountryCode": "UY",
      "CompanyCount": "4",
      "Url": "/in/uruguay"
    }
  },
  {
    "Uzbekistan": {
      "CountryCode": "UZ",
      "CompanyCount": "5",
      "Url": "/in/uzbekistan"
    }
  },
  {
    "Venezuela": {
      "CountryCode": "VE",
      "CompanyCount": "5",
      "Url": "/in/venezuela"
    }
  },
  {
    "Vietnam": {
      "CountryCode": "VN",
      "CompanyCount": "82",
      "Url": "/in/vietnam"
    }
  },
  {
    "Virgin Islands": {
      "CountryCode": "VG",
      "CompanyCount": "1",
      "Url": "/in/virgin-islands-%28british%29"
    }
  },
  {
    "Yemen": {
      "CountryCode": "YE",
      "CompanyCount": "4",
      "Url": "/in/yemen"
    }
  },
  {
    "Zambia": {
      "CountryCode": "ZM",
      "CompanyCount": "1",
      "Url": "/in/zambia"
    }
  },
  {
    "Zimbabwe": {
      "CountryCode": "ZW",
      "CompanyCount": "2",
      "Url": "/in/zimbabwe"
    }
  }
]