[
    {
        "CompanyName": "RAD Freight Logistics",
        "Address": "Afghanistan\n\n\n, AF-1001 KABUL\n\n\nMuslim Plaza, 8th floor,\noffice No: A-43 Share now",
        "OfferedServices": [
            "Air freight",
            "Road freight",
            "Ocean freight",
            "Logistics",
            "Warehousing",
            "Customs services",
            "Packing & Crating"
        ],
        "CompanyId": "341",
        "Phone": "",
        "Email": "sharifi@asiapamir.com",
        "Website": "http://www.asiapamir.com",
        "Country": "Afghanistan"
    },
    {
        "CompanyName": "Airglow Aviation Afghanistan",
        "Address": "Afghanistan\n\n\n, AF-430 KABUL\n\n\nHuwa Shinasi Road, Opposite Meteorology Offce",
        "OfferedServices": [
            "Air freight"
        ],
        "CompanyId": "342",
        "Phone": "",
        "Email": "rohit@airglowaviation.com",
        "Website": "http://www.airglowaviation.com",
        "Country": "Afghanistan"
    },
    {
        "CompanyName": "DYRRAHSPED SH.P.K",
        "Address": "Albania\n\n\n, AL-2001 DURRES\n\n\nLagjia 3 Sheshi Liria\nE.G.T Center Kati 7",
        "OfferedServices": [
            "Air freight",
            "Road freight",
            "Ocean freight",
            "Logistics",
            "Warehousing",
            "Customs services",
            "Hazardous goods",
            "One-stop shop"
        ],
        "CompanyId": "344",
        "Phone": "",
        "Email": "jprodani@dyrrahsped.com",
        "Website": "http://www.dyrrahsped.al",
        "Country": "Albania"
    },
    {
        "CompanyName": "Pelikan Transport - Container Terminal",
        "Address": "Albania\n\n\n, AL-2001 DURRES\n\n\nEgnatia Street, Fly Tower (13th floor)",
        "OfferedServices": [
            "Road freight",
            "Logistics",
            "Warehousing",
            "Customs services"
        ],
        "CompanyId": "343",
        "Phone": "+355-52-22 55 11",
        "Email": "info@pelikantransport.com",
        "Website": "http://www.pelikantransport.com",
        "Country": "Albania"
    },
    {
        "CompanyName": "PYRAMID SHIPPING",
        "Address": "Algeria\n\n\n, DZ-16000 ALGER\n\n\nCooperative ENNAHAR Villa No 03,\n1er Etage Les Sources Bir Mourad Rais Alger",
        "OfferedServices": [],
        "CompanyId": "1158",
        "Phone": "+213-214 477 60",
        "Email": "chafika.benattallah@piramid-group.com",
        "Website": "",
        "Country": "Algeria"
    },
    {
        "CompanyName": "GLOBTAINER LOGISTIQUE ALGERIE",
        "Address": "Algeria\n\n\n, DZ-16212 ALGIERS\n\n\nLot No.94, Centre des Affaires bab Ezzouar\nImmeuble KPMG 3eme etage",
        "OfferedServices": [],
        "CompanyId": "1156",
        "Phone": "+213-982-401 352",
        "Email": "nait.hassane@globtainer.com",
        "Website": "",
        "Country": "Algeria"
    },
    {
        "CompanyName": "ALTISA",
        "Address": "Algeria\n\n\n, 16000\n\n\n05 Rue Abane Ramdane, Alger Centre",
        "OfferedServices": [
            "Air freight",
            "Road freight",
            "Ocean freight",
            "Logistics",
            "Warehousing",
            "Hazardous goods",
            "Car transport",
            "Exhibition cargo"
        ],
        "CompanyId": "6166",
        "Phone": "+213795390021",
        "Email": "gsa@altisa-dz.com",
        "Website": "https://www.altisa-dz.com/",
        "Country": "Algeria"
    },
    {
        "CompanyName": "Ecu line Alger",
        "Address": "Algeria\n\n\n, DZ-16013 ALGIERS\n\n\nCite les Sources,\nLot No.4 Bir Mourad Rais",
        "OfferedServices": [],
        "CompanyId": "1157",
        "Phone": "+213-21 440 023",
        "Email": "infoalgeria@ecuworldwide.com",
        "Website": "http://www.ecuworldwide.com",
        "Country": "Algeria"
    },
    {
        "CompanyName": "Fresh Air-Cargo Center",
        "Address": "Angola\n\n\n, AO- LUANDA\n\n\nRua Gastao de Sousa Dias No. 6\nR/Ch�o Maianga,",
        "OfferedServices": [],
        "CompanyId": "349",
        "Phone": "+244-222-32 33 35",
        "Email": "info@cargocenter.org",
        "Website": "http://www.cargocenter.org",
        "Country": "Angola"
    },
    {
        "CompanyName": "Aronds - Escritorios Gerais e Transit�rio",
        "Address": "Angola\n\n\n, AO- LUANDA\n\n\nAv. Pedro de Castro Van-Dunem Loy",
        "OfferedServices": [],
        "CompanyId": "350",
        "Phone": "+244-923 307 835",
        "Email": "aronds.arondsgeral@hotmail.com",
        "Website": "",
        "Country": "Angola"
    },
    {
        "CompanyName": "TRANSPORTES UNIVERSALES SACFYM",
        "Address": "Argentina\n\n\n, AR-C1092AAG BUENOS AIRES\n\n\nAvda. Belgrano Nr. 615 - 9 Piso",
        "OfferedServices": [
            "Air freight",
            "Rail freight",
            "Road freight",
            "Ocean freight",
            "Logistics",
            "Warehousing",
            "Customs services",
            "Multimodal transports"
        ],
        "CompanyId": "351",
        "Phone": "",
        "Email": "tusa@tusa.com.ar",
        "Website": "http://www.tusa.com.ar",
        "Country": "Argentina"
    },
    {
        "CompanyName": "954 LINCOLN S.A.",
        "Address": "Argentina\n\n\n, AR-C1092AAT BUENOS AIRES\n\n\nAv. Belgrano 634 - Piso 8 Of. F",
        "OfferedServices": [
            "Air freight",
            "Road freight",
            "Ocean freight",
            "Logistics",
            "Hazardous goods"
        ],
        "CompanyId": "355",
        "Phone": " ",
        "Email": "954@954lincoln.com.ar",
        "Website": "http://www.954lincoln.com.ar",
        "Country": "Argentina"
    },
    {
        "CompanyName": "Airsealand S.A.",
        "Address": "Argentina\n\n\n, AR-C1087AAI BUENOS AIRES\n\n\nAlsina 655 - 1st piso",
        "OfferedServices": [
            "Air freight",
            "Ocean freight",
            "Logistics",
            "Warehousing",
            "Customs services",
            "Multimodal transports"
        ],
        "CompanyId": "357",
        "Phone": "+54-11-4331 1052",
        "Email": "airsealand@airsealand-group.com.ar",
        "Website": "http://www.airsealand-group.com.ar",
        "Country": "Argentina"
    },
    {
        "CompanyName": "Ganbatte Sa",
        "Address": "Argentina\n\n\n, AR-C1092AAI BUENOS AIRES\n\n\nAv. Belgrano Nr. 835 2 D",
        "OfferedServices": [
            "Air freight",
            "Road freight",
            "Ocean freight",
            "Logistics",
            "Warehousing",
            "Customs services",
            "Hazardous goods",
            "AOG services"
        ],
        "CompanyId": "353",
        "Phone": "+54-11-43 31 05 28",
        "Email": "joel.aritto@ganbatte.com.ar",
        "Website": "http://www.ganbatte.com.ar",
        "Country": "Argentina"
    },
    {
        "CompanyName": "EAFF S.A.",
        "Address": "Argentina\n\n\n, AR-C1053ABW BUENOS AIRES\n\n\nViamonte 1145 - 3rd Floor",
        "OfferedServices": [
            "Air freight",
            "Road freight",
            "Ocean freight",
            "Logistics",
            "Customs services",
            "Multimodal transports"
        ],
        "CompanyId": "352",
        "Phone": "+54-11-43 72 20 82",
        "Email": "",
        "Website": "http://www.eaff.com.ar",
        "Country": "Argentina"
    },
    {
        "CompanyName": "Liber Line S.R.L.",
        "Address": "Argentina\n\n\n, AR-1107 PUERTO MADERO\n\n\nAlicia Moreau de Justo",
        "OfferedServices": [
            "Air freight",
            "Road freight",
            "Ocean freight",
            "Logistics",
            "Warehousing",
            "Customs services",
            "Hazardous goods"
        ],
        "CompanyId": "361",
        "Phone": "",
        "Email": "info@liberline.com.ar",
        "Website": "http://www.liberline.com.ar",
        "Country": "Argentina"
    },
    {
        "CompanyName": "Q.L SOLUTIONS LATINOAMERICA S.A",
        "Address": "Argentina\n\n\n, AR-C1033 AAC  BUENOS AIRES\n\n\nAv Rivadavia 1273",
        "OfferedServices": [
            "Air freight",
            "Ocean freight",
            "Logistics"
        ],
        "CompanyId": "358",
        "Phone": "",
        "Email": "info.ar@qlsolutions.com.ar",
        "Website": "http://www.qlsolutions.com.ar",
        "Country": "Argentina"
    },
    {
        "CompanyName": "Endarco",
        "Address": "Argentina\n\n\n, AR-1037 BUENOS AIRES\n\n\nTte. Gral. Juan D. Peron 1628, 5 floor",
        "OfferedServices": [
            "Air freight",
            "Road freight",
            "Ocean freight",
            "Logistics",
            "Warehousing",
            "Customs services",
            "Multimodal transports"
        ],
        "CompanyId": "359",
        "Phone": "+54-115 0329 555",
        "Email": "info@endarco.com",
        "Website": "http://www.endarco.com",
        "Country": "Argentina"
    }
]